,State,State Code,County,County Code,Deaths,Population,Year
0,Alabama,1,"Baldwin County, AL",1003,45,203709,2015
1,Alabama,1,"Blount County, AL",1009,10,57673,2015
2,Alabama,1,"Calhoun County, AL",1015,24,115620,2015
3,Alabama,1,"Chilton County, AL",1021,11,43943,2015
4,Alabama,1,"Cullman County, AL",1043,18,82005,2015
5,Alabama,1,"DeKalb County, AL",1049,12,71130,2015
6,Alabama,1,"Elmore County, AL",1051,13,81468,2015
7,Alabama,1,"Etowah County, AL",1055,15,103057,2015
8,Alabama,1,"Houston County, AL",1069,21,104173,2015
9,Alabama,1,"Jackson County, AL",1071,12,52419,2015
10,Alabama,1,"Jefferson County, AL",1073,97,660367,2015
11,Alabama,1,"Lauderdale County, AL",1077,12,92596,2015
12,Alabama,1,"Lee County, AL",1081,17,156993,2015
13,Alabama,1,"Limestone County, AL",1083,10,91663,2015
14,Alabama,1,"Madison County, AL",1089,59,353089,2015
15,Alabama,1,"Marshall County, AL",1095,18,94725,2015
16,Alabama,1,"Mobile County, AL",1097,66,415395,2015
17,Alabama,1,"Montgomery County, AL",1101,26,226519,2015
18,Alabama,1,"Morgan County, AL",1103,18,119565,2015
19,Alabama,1,"Russell County, AL",1113,10,59660,2015
20,Alabama,1,"St. Clair County, AL",1115,15,87074,2015
21,Alabama,1,"Shelby County, AL",1117,33,208713,2015
22,Alabama,1,"Talladega County, AL",1121,20,80862,2015
23,Alabama,1,"Tuscaloosa County, AL",1125,18,203976,2015
24,Alabama,1,"Walker County, AL",1127,15,65294,2015
25,Alaska,2,"Anchorage Borough, AK",2020,79,298695,2015
26,Alaska,2,"Fairbanks North Star Borough, AK",2090,18,99631,2015
27,Alaska,2,"Kenai Peninsula Borough, AK",2122,17,58059,2015
28,Alaska,2,"Matanuska-Susitna Borough, AK",2170,19,101095,2015
29,Alaska,2,"Prince of Wales-Outer Ketchikan Census Area, AK",2201,Missing,Missing,2015
30,Alaska,2,"Skagway-Hoonah-Angoon Census Area, AK",2232,Missing,Missing,2015
31,Alaska,2,"Wade Hampton Census Area, AK",2270,16,8119,2015
32,Alaska,2,"Wrangell-Petersburg Census Area, AK",2280,Missing,Missing,2015
33,Arizona,4,"Apache County, AZ",4001,19,71474,2015
34,Arizona,4,"Cochise County, AZ",4003,27,126427,2015
35,Arizona,4,"Coconino County, AZ",4005,33,139097,2015
36,Arizona,4,"Gila County, AZ",4007,18,53159,2015
37,Arizona,4,"Maricopa County, AZ",4013,673,4167947,2015
38,Arizona,4,"Mohave County, AZ",4015,74,204737,2015
39,Arizona,4,"Navajo County, AZ",4017,29,108277,2015
40,Arizona,4,"Pima County, AZ",4019,202,1010025,2015
41,Arizona,4,"Pinal County, AZ",4021,71,406584,2015
42,Arizona,4,"Yavapai County, AZ",4025,79,222255,2015
43,Arizona,4,"Yuma County, AZ",4027,34,204275,2015
44,Arkansas,5,"Baxter County, AR",5005,17,41053,2015
45,Arkansas,5,"Benton County, AR",5007,49,249672,2015
46,Arkansas,5,"Conway County, AR",5029,11,21019,2015
47,Arkansas,5,"Craighead County, AR",5031,18,104354,2015
48,Arkansas,5,"Crawford County, AR",5033,18,61703,2015
49,Arkansas,5,"Faulkner County, AR",5045,20,121552,2015
50,Arkansas,5,"Garland County, AR",5051,36,97177,2015
51,Arkansas,5,"Greene County, AR",5055,13,44196,2015
52,Arkansas,5,"Hot Spring County, AR",5059,11,33426,2015
53,Arkansas,5,"Jefferson County, AR",5069,10,71565,2015
54,Arkansas,5,"Lonoke County, AR",5085,20,71645,2015
55,Arkansas,5,"Pope County, AR",5115,12,63390,2015
56,Arkansas,5,"Pulaski County, AR",5119,56,392664,2015
57,Arkansas,5,"Saline County, AR",5125,22,117460,2015
58,Arkansas,5,"Sebastian County, AR",5131,24,127780,2015
59,Arkansas,5,"Washington County, AR",5143,35,225477,2015
60,Arkansas,5,"White County, AR",5145,10,79161,2015
61,California,6,"Alameda County, CA",6001,148,1638215,2015
62,California,6,"Butte County, CA",6007,40,225411,2015
63,California,6,"Calaveras County, CA",6009,22,44828,2015
64,California,6,"Contra Costa County, CA",6013,110,1126745,2015
65,California,6,"El Dorado County, CA",6017,32,184452,2015
66,California,6,"Fresno County, CA",6019,101,974861,2015
67,California,6,"Glenn County, CA",6021,10,28017,2015
68,California,6,"Humboldt County, CA",6023,41,135727,2015
69,California,6,"Imperial County, CA",6025,18,180191,2015
70,California,6,"Kern County, CA",6029,118,882176,2015
71,California,6,"Kings County, CA",6031,14,150965,2015
72,California,6,"Lake County, CA",6033,24,64591,2015
73,California,6,"Los Angeles County, CA",6037,823,10170292,2015
74,California,6,"Madera County, CA",6039,12,154998,2015
75,California,6,"Marin County, CA",6041,31,261221,2015
76,California,6,"Mendocino County, CA",6045,15,87649,2015
77,California,6,"Merced County, CA",6047,37,268455,2015
78,California,6,"Monterey County, CA",6053,52,433898,2015
79,California,6,"Napa County, CA",6055,18,142456,2015
80,California,6,"Nevada County, CA",6057,26,98877,2015
81,California,6,"Orange County, CA",6059,293,3169776,2015
82,California,6,"Placer County, CA",6061,46,375391,2015
83,California,6,"Riverside County, CA",6065,257,2361026,2015
84,California,6,"Sacramento County, CA",6067,195,1501335,2015
85,California,6,"San Bernardino County, CA",6071,214,2128133,2015
86,California,6,"San Diego County, CA",6073,411,3299521,2015
87,California,6,"San Francisco County, CA",6075,98,864816,2015
88,California,6,"San Joaquin County, CA",6077,68,726106,2015
89,California,6,"San Luis Obispo County, CA",6079,49,281401,2015
90,California,6,"San Mateo County, CA",6081,57,765135,2015
91,California,6,"Santa Barbara County, CA",6083,69,444769,2015
92,California,6,"Santa Clara County, CA",6085,156,1918044,2015
93,California,6,"Santa Cruz County, CA",6087,45,274146,2015
94,California,6,"Shasta County, CA",6089,45,179533,2015
95,California,6,"Siskiyou County, CA",6093,12,43554,2015
96,California,6,"Solano County, CA",6095,58,436092,2015
97,California,6,"Sonoma County, CA",6097,66,502146,2015
98,California,6,"Stanislaus County, CA",6099,49,538388,2015
99,California,6,"Sutter County, CA",6101,10,96463,2015
100,California,6,"Tulare County, CA",6107,54,459863,2015
101,California,6,"Tuolumne County, CA",6109,16,53709,2015
102,California,6,"Ventura County, CA",6111,109,850536,2015
103,California,6,"Yolo County, CA",6113,26,213016,2015
104,California,6,"Yuba County, CA",6115,15,74492,2015
105,Colorado,8,"Adams County, CO",8001,86,491337,2015
106,Colorado,8,"Arapahoe County, CO",8005,106,631096,2015
107,Colorado,8,"Boulder County, CO",8013,59,319372,2015
108,Colorado,8,"Broomfield County, CO",8014,11,65065,2015
109,Colorado,8,"Denver County, CO",8031,97,682545,2015
110,Colorado,8,"Douglas County, CO",8035,51,322387,2015
111,Colorado,8,"El Paso County, CO",8041,172,674471,2015
112,Colorado,8,"Fremont County, CO",8043,12,46692,2015
113,Colorado,8,"Jefferson County, CO",8059,116,565524,2015
114,Colorado,8,"Larimer County, CO",8069,75,333577,2015
115,Colorado,8,"Mesa County, CO",8077,37,148513,2015
116,Colorado,8,"Montezuma County, CO",8083,11,26168,2015
117,Colorado,8,"Pueblo County, CO",8101,47,163591,2015
118,Colorado,8,"Teller County, CO",8119,12,23385,2015
119,Colorado,8,"Weld County, CO",8123,58,285174,2015
120,Connecticut,9,"Fairfield County, CT",9001,73,948053,2015
121,Connecticut,9,"Hartford County, CT",9003,97,895841,2015
122,Connecticut,9,"Litchfield County, CT",9005,20,183603,2015
123,Connecticut,9,"Middlesex County, CT",9007,15,164063,2015
124,Connecticut,9,"New Haven County, CT",9009,108,859470,2015
125,Connecticut,9,"New London County, CT",9011,43,271863,2015
126,Connecticut,9,"Tolland County, CT",9013,13,151420,2015
127,Connecticut,9,"Windham County, CT",9015,15,116573,2015
128,Delaware,10,"Kent County, DE",10001,21,173533,2015
129,Delaware,10,"New Castle County, DE",10003,73,556779,2015
130,Delaware,10,"Sussex County, DE",10005,28,215622,2015
131,District of Columbia,11,"District of Columbia, DC",11001,34,672228,2015
132,Florida,12,"Alachua County, FL",12001,33,259964,2015
133,Florida,12,"Bay County, FL",12005,38,181635,2015
134,Florida,12,"Brevard County, FL",12009,140,568088,2015
135,Florida,12,"Broward County, FL",12011,222,1896425,2015
136,Florida,12,"Charlotte County, FL",12015,39,173115,2015
137,Florida,12,"Citrus County, FL",12017,30,141058,2015
138,Florida,12,"Clay County, FL",12019,30,203967,2015
139,Florida,12,"Collier County, FL",12021,46,357305,2015
140,Florida,12,"Columbia County, FL",12023,10,68348,2015
141,Florida,12,"Duval County, FL",12031,164,913010,2015
142,Florida,12,"Escambia County, FL",12033,55,311003,2015
143,Florida,12,"Flagler County, FL",12035,26,105392,2015
144,Florida,12,"Hernando County, FL",12053,39,178439,2015
145,Florida,12,"Highlands County, FL",12055,18,99491,2015
146,Florida,12,"Hillsborough County, FL",12057,199,1349050,2015
147,Florida,12,"Indian River County, FL",12061,18,147919,2015
148,Florida,12,"Jackson County, FL",12063,11,48599,2015
149,Florida,12,"Lake County, FL",12069,52,325875,2015
150,Florida,12,"Lee County, FL",12071,122,701982,2015
151,Florida,12,"Leon County, FL",12073,34,286272,2015
152,Florida,12,"Levy County, FL",12075,12,39832,2015
153,Florida,12,"Manatee County, FL",12081,64,363369,2015
154,Florida,12,"Marion County, FL",12083,78,343254,2015
155,Florida,12,"Martin County, FL",12085,22,156283,2015
156,Florida,12,"Miami-Dade County, FL",12086,284,2693117,2015
157,Florida,12,"Monroe County, FL",12087,20,77482,2015
158,Florida,12,"Nassau County, FL",12089,18,78444,2015
159,Florida,12,"Okaloosa County, FL",12091,37,198664,2015
160,Florida,12,"Orange County, FL",12095,135,1288126,2015
161,Florida,12,"Osceola County, FL",12097,29,323993,2015
162,Florida,12,"Palm Beach County, FL",12099,227,1422789,2015
163,Florida,12,"Pasco County, FL",12101,104,497909,2015
164,Florida,12,"Pinellas County, FL",12103,200,949827,2015
165,Florida,12,"Polk County, FL",12105,101,650092,2015
166,Florida,12,"Putnam County, FL",12107,12,72023,2015
167,Florida,12,"St. Johns County, FL",12109,43,226640,2015
168,Florida,12,"St. Lucie County, FL",12111,54,298563,2015
169,Florida,12,"Santa Rosa County, FL",12113,30,167040,2015
170,Florida,12,"Sarasota County, FL",12115,100,405549,2015
171,Florida,12,"Seminole County, FL",12117,56,449144,2015
172,Florida,12,"Sumter County, FL",12119,13,118891,2015
173,Florida,12,"Suwannee County, FL",12121,10,43760,2015
174,Florida,12,"Volusia County, FL",12127,125,517887,2015
175,Florida,12,"Walton County, FL",12131,13,63508,2015
176,Georgia,13,"Baldwin County, GA",13009,11,45459,2015
177,Georgia,13,"Barrow County, GA",13013,16,75370,2015
178,Georgia,13,"Bartow County, GA",13015,18,102747,2015
179,Georgia,13,"Bibb County, GA",13021,16,153721,2015
180,Georgia,13,"Bryan County, GA",13029,13,35137,2015
181,Georgia,13,"Carroll County, GA",13045,13,114545,2015
182,Georgia,13,"Catoosa County, GA",13047,10,66050,2015
183,Georgia,13,"Chatham County, GA",13051,46,286956,2015
184,Georgia,13,"Cherokee County, GA",13057,34,235900,2015
185,Georgia,13,"Clarke County, GA",13059,17,123912,2015
186,Georgia,13,"Clayton County, GA",13063,21,273955,2015
187,Georgia,13,"Cobb County, GA",13067,90,741334,2015
188,Georgia,13,"Columbia County, GA",13073,20,144052,2015
189,Georgia,13,"Coweta County, GA",13077,20,138427,2015
190,Georgia,13,"Dawson County, GA",13085,10,23312,2015
191,Georgia,13,"DeKalb County, GA",13089,60,734871,2015
192,Georgia,13,"Douglas County, GA",13097,17,140733,2015
193,Georgia,13,"Fayette County, GA",13113,18,110714,2015
194,Georgia,13,"Floyd County, GA",13115,10,96504,2015
195,Georgia,13,"Forsyth County, GA",13117,25,212438,2015
196,Georgia,13,"Fulton County, GA",13121,89,1010562,2015
197,Georgia,13,"Glynn County, GA",13127,15,83579,2015
198,Georgia,13,"Gwinnett County, GA",13135,109,895823,2015
199,Georgia,13,"Hall County, GA",13139,22,193535,2015
200,Georgia,13,"Henry County, GA",13151,17,217739,2015
201,Georgia,13,"Houston County, GA",13153,18,150033,2015
202,Georgia,13,"Jackson County, GA",13157,15,63360,2015
203,Georgia,13,"Liberty County, GA",13179,10,62467,2015
204,Georgia,13,"Lowndes County, GA",13185,12,112865,2015
205,Georgia,13,"Muscogee County, GA",13215,24,200579,2015
206,Georgia,13,"Newton County, GA",13217,11,105473,2015
207,Georgia,13,"Paulding County, GA",13223,18,152238,2015
208,Georgia,13,"Richmond County, GA",13245,34,201793,2015
209,Georgia,13,"Rockdale County, GA",13247,14,88856,2015
210,Georgia,13,"Troup County, GA",13285,14,69763,2015
211,Georgia,13,"Walker County, GA",13295,12,68066,2015
212,Georgia,13,"Walton County, GA",13297,11,88399,2015
213,Georgia,13,"Whitfield County, GA",13313,12,104216,2015
214,Hawaii,15,"Hawaii County, HI",15001,35,196428,2015
215,Hawaii,15,"Honolulu County, HI",15003,122,998714,2015
216,Hawaii,15,"Kauai County, HI",15007,16,71735,2015
217,Hawaii,15,"Maui County, HI",15009,28,164637,2015
218,Idaho,16,"Ada County, ID",16001,79,434211,2015
219,Idaho,16,"Bannock County, ID",16005,28,83744,2015
220,Idaho,16,"Bingham County, ID",16011,13,44990,2015
221,Idaho,16,"Bonneville County, ID",16019,33,110089,2015
222,Idaho,16,"Canyon County, ID",16027,41,207478,2015
223,Idaho,16,"Kootenai County, ID",16055,42,150346,2015
224,Idaho,16,"Twin Falls County, ID",16083,20,82375,2015
225,Illinois,17,"Adams County, IL",17001,11,67013,2015
226,Illinois,17,"Champaign County, IL",17019,21,208861,2015
227,Illinois,17,"Cook County, IL",17031,434,5238216,2015
228,Illinois,17,"DuPage County, IL",17043,90,933736,2015
229,Illinois,17,"Henry County, IL",17073,10,49489,2015
230,Illinois,17,"Kane County, IL",17089,44,530847,2015
231,Illinois,17,"Knox County, IL",17095,11,51441,2015
232,Illinois,17,"Lake County, IL",17097,66,703910,2015
233,Illinois,17,"LaSalle County, IL",17099,20,111333,2015
234,Illinois,17,"McHenry County, IL",17111,40,307343,2015
235,Illinois,17,"McLean County, IL",17113,20,173166,2015
236,Illinois,17,"Macon County, IL",17115,10,107303,2015
237,Illinois,17,"Madison County, IL",17119,38,266209,2015
238,Illinois,17,"Marion County, IL",17121,14,38339,2015
239,Illinois,17,"Mason County, IL",17125,12,13701,2015
240,Illinois,17,"Peoria County, IL",17143,19,186221,2015
241,Illinois,17,"Rock Island County, IL",17161,21,146133,2015
242,Illinois,17,"St. Clair County, IL",17163,19,264052,2015
243,Illinois,17,"Sangamon County, IL",17167,30,198712,2015
244,Illinois,17,"Tazewell County, IL",17179,23,134800,2015
245,Illinois,17,"Vermilion County, IL",17183,14,79282,2015
246,Illinois,17,"Will County, IL",17197,70,687263,2015
247,Illinois,17,"Williamson County, IL",17199,16,67466,2015
248,Illinois,17,"Winnebago County, IL",17201,40,287078,2015
249,Illinois,17,"Woodford County, IL",17203,13,39227,2015
250,Indiana,18,"Allen County, IN",18003,48,368450,2015
251,Indiana,18,"Bartholomew County, IN",18005,13,81162,2015
252,Indiana,18,"Cass County, IN",18017,10,37979,2015
253,Indiana,18,"Clark County, IN",18019,18,115371,2015
254,Indiana,18,"Delaware County, IN",18035,15,116852,2015
255,Indiana,18,"Elkhart County, IN",18039,32,203474,2015
256,Indiana,18,"Gibson County, IN",18051,10,33775,2015
257,Indiana,18,"Hamilton County, IN",18057,38,309697,2015
258,Indiana,18,"Hancock County, IN",18059,13,72520,2015
259,Indiana,18,"Hendricks County, IN",18063,16,158192,2015
260,Indiana,18,"Howard County, IN",18067,11,82556,2015
261,Indiana,18,"Huntington County, IN",18069,10,36630,2015
262,Indiana,18,"Johnson County, IN",18081,20,149633,2015
263,Indiana,18,"Kosciusko County, IN",18085,10,78620,2015
264,Indiana,18,"Lake County, IN",18089,68,487865,2015
265,Indiana,18,"La Porte County, IN",18091,14,110884,2015
266,Indiana,18,"Madison County, IN",18095,26,129723,2015
267,Indiana,18,"Marion County, IN",18097,137,939020,2015
268,Indiana,18,"Monroe County, IN",18105,16,144705,2015
269,Indiana,18,"Porter County, IN",18127,25,167688,2015
270,Indiana,18,"Putnam County, IN",18133,10,37585,2015
271,Indiana,18,"St. Joseph County, IN",18141,40,268441,2015
272,Indiana,18,"Tippecanoe County, IN",18157,20,185826,2015
273,Indiana,18,"Vanderburgh County, IN",18163,32,181877,2015
274,Indiana,18,"Vigo County, IN",18167,29,107896,2015
275,Indiana,18,"Warrick County, IN",18173,14,61897,2015
276,Iowa,19,"Black Hawk County, IA",19013,19,133455,2015
277,Iowa,19,"Dallas County, IA",19049,13,80133,2015
278,Iowa,19,"Johnson County, IA",19103,13,144251,2015
279,Iowa,19,"Linn County, IA",19113,29,219916,2015
280,Iowa,19,"Polk County, IA",19153,75,467711,2015
281,Iowa,19,"Pottawattamie County, IA",19155,17,93671,2015
282,Iowa,19,"Scott County, IA",19163,33,172126,2015
283,Iowa,19,"Story County, IA",19169,10,96021,2015
284,Iowa,19,"Woodbury County, IA",19193,12,102782,2015
285,Kansas,20,"Butler County, KS",20015,15,66741,2015
286,Kansas,20,"Douglas County, KS",20045,21,118053,2015
287,Kansas,20,"Johnson County, KS",20091,85,580159,2015
288,Kansas,20,"Leavenworth County, KS",20103,14,79315,2015
289,Kansas,20,"Reno County, KS",20155,12,63718,2015
290,Kansas,20,"Sedgwick County, KS",20173,78,511574,2015
291,Kansas,20,"Shawnee County, KS",20177,42,178725,2015
292,Kansas,20,"Wyandotte County, KS",20209,28,163369,2015
293,Kentucky,21,"Boone County, KY",21015,22,127712,2015
294,Kentucky,21,"Boyd County, KY",21019,11,48325,2015
295,Kentucky,21,"Bullitt County, KY",21029,17,78702,2015
296,Kentucky,21,"Campbell County, KY",21037,13,92066,2015
297,Kentucky,21,"Christian County, KY",21047,11,73309,2015
298,Kentucky,21,"Clark County, KY",21049,10,35757,2015
299,Kentucky,21,"Daviess County, KY",21059,19,99259,2015
300,Kentucky,21,"Fayette County, KY",21067,36,314488,2015
301,Kentucky,21,"Hardin County, KY",21093,11,106439,2015
302,Kentucky,21,"Henderson County, KY",21101,12,46407,2015
303,Kentucky,21,"Hopkins County, KY",21107,13,46222,2015
304,Kentucky,21,"Jefferson County, KY",21111,134,763623,2015
305,Kentucky,21,"Kenton County, KY",21117,20,165012,2015
306,Kentucky,21,"Laurel County, KY",21125,11,60094,2015
307,Kentucky,21,"McCracken County, KY",21145,13,65018,2015
308,Kentucky,21,"Madison County, KY",21151,15,87824,2015
309,Kentucky,21,"Marshall County, KY",21157,10,31101,2015
310,Kentucky,21,"Pike County, KY",21195,13,61792,2015
311,Kentucky,21,"Pulaski County, KY",21199,18,63782,2015
312,Kentucky,21,"Warren County, KY",21227,18,122851,2015
313,Louisiana,22,"Ascension Parish, LA",22005,15,119455,2015
314,Louisiana,22,"Avoyelles Parish, LA",22009,10,41103,2015
315,Louisiana,22,"Bossier Parish, LA",22015,18,125175,2015
316,Louisiana,22,"Caddo Parish, LA",22017,40,251460,2015
317,Louisiana,22,"Calcasieu Parish, LA",22019,44,198788,2015
318,Louisiana,22,"East Baton Rouge Parish, LA",22033,49,446753,2015
319,Louisiana,22,"Evangeline Parish, LA",22039,13,33743,2015
320,Louisiana,22,"Jefferson Parish, LA",22051,57,436275,2015
321,Louisiana,22,"Lafayette Parish, LA",22055,39,240098,2015
322,Louisiana,22,"Lafourche Parish, LA",22057,24,98325,2015
323,Louisiana,22,"Lincoln Parish, LA",22061,11,47774,2015
324,Louisiana,22,"Livingston Parish, LA",22063,29,137788,2015
325,Louisiana,22,"Orleans Parish, LA",22071,50,389617,2015
326,Louisiana,22,"Ouachita Parish, LA",22073,16,156761,2015
327,Louisiana,22,"Rapides Parish, LA",22079,23,132141,2015
328,Louisiana,22,"St. Landry Parish, LA",22097,18,83848,2015
329,Louisiana,22,"St. Martin Parish, LA",22099,16,53835,2015
330,Louisiana,22,"St. Tammany Parish, LA",22103,40,250088,2015
331,Louisiana,22,"Tangipahoa Parish, LA",22105,26,128755,2015
332,Louisiana,22,"Terrebonne Parish, LA",22109,15,113972,2015
333,Louisiana,22,"Vermilion Parish, LA",22113,13,59875,2015
334,Maine,23,"Androscoggin County, ME",23001,21,107233,2015
335,Maine,23,"Aroostook County, ME",23003,14,68628,2015
336,Maine,23,"Cumberland County, ME",23005,39,289977,2015
337,Maine,23,"Hancock County, ME",23009,11,54659,2015
338,Maine,23,"Kennebec County, ME",23011,29,119980,2015
339,Maine,23,"Oxford County, ME",23017,10,57202,2015
340,Maine,23,"Penobscot County, ME",23019,25,152692,2015
341,Maine,23,"Somerset County, ME",23025,13,51113,2015
342,Maine,23,"York County, ME",23031,29,201169,2015
343,Maryland,24,"Allegany County, MD",24001,13,72528,2015
344,Maryland,24,"Anne Arundel County, MD",24003,68,564195,2015
345,Maryland,24,"Baltimore County, MD",24005,86,831128,2015
346,Maryland,24,"Calvert County, MD",24009,15,90595,2015
347,Maryland,24,"Carroll County, MD",24013,19,167627,2015
348,Maryland,24,"Cecil County, MD",24015,16,102382,2015
349,Maryland,24,"Charles County, MD",24017,19,156118,2015
350,Maryland,24,"Frederick County, MD",24021,25,245322,2015
351,Maryland,24,"Harford County, MD",24025,32,250290,2015
352,Maryland,24,"Howard County, MD",24027,29,313414,2015
353,Maryland,24,"Montgomery County, MD",24031,72,1040116,2015
354,Maryland,24,"Prince George's County, MD",24033,43,909535,2015
355,Maryland,24,"St. Mary's County, MD",24037,15,111413,2015
356,Maryland,24,"Washington County, MD",24043,22,149585,2015
357,Maryland,24,"Baltimore city, MD",24510,42,621849,2015
358,Massachusetts,25,"Barnstable County, MA",25001,38,214333,2015
359,Massachusetts,25,"Berkshire County, MA",25003,16,127828,2015
360,Massachusetts,25,"Bristol County, MA",25005,69,556772,2015
361,Massachusetts,25,"Essex County, MA",25009,62,776043,2015
362,Massachusetts,25,"Franklin County, MA",25011,10,70601,2015
363,Massachusetts,25,"Hampden County, MA",25013,47,470690,2015
364,Massachusetts,25,"Hampshire County, MA",25015,19,161292,2015
365,Massachusetts,25,"Middlesex County, MA",25017,138,1585139,2015
366,Massachusetts,25,"Norfolk County, MA",25021,55,696023,2015
367,Massachusetts,25,"Plymouth County, MA",25023,49,510393,2015
368,Massachusetts,25,"Suffolk County, MA",25025,47,778121,2015
369,Massachusetts,25,"Worcester County, MA",25027,89,818963,2015
370,Michigan,26,"Allegan County, MI",26005,23,114625,2015
371,Michigan,26,"Barry County, MI",26015,15,59314,2015
372,Michigan,26,"Bay County, MI",26017,23,105659,2015
373,Michigan,26,"Berrien County, MI",26021,30,154636,2015
374,Michigan,26,"Calhoun County, MI",26025,25,134314,2015
375,Michigan,26,"Clare County, MI",26035,10,30553,2015
376,Michigan,26,"Clinton County, MI",26037,11,77390,2015
377,Michigan,26,"Eaton County, MI",26045,20,108801,2015
378,Michigan,26,"Genesee County, MI",26049,49,410849,2015
379,Michigan,26,"Grand Traverse County, MI",26055,16,91636,2015
380,Michigan,26,"Ingham County, MI",26065,46,286085,2015
381,Michigan,26,"Ionia County, MI",26067,11,64223,2015
382,Michigan,26,"Jackson County, MI",26075,30,159494,2015
383,Michigan,26,"Kalamazoo County, MI",26077,29,260263,2015
384,Michigan,26,"Kent County, MI",26081,70,636369,2015
385,Michigan,26,"Lapeer County, MI",26087,16,88373,2015
386,Michigan,26,"Lenawee County, MI",26091,21,98573,2015
387,Michigan,26,"Livingston County, MI",26093,23,187316,2015
388,Michigan,26,"Macomb County, MI",26099,133,864840,2015
389,Michigan,26,"Marquette County, MI",26103,18,67215,2015
390,Michigan,26,"Monroe County, MI",26115,23,149568,2015
391,Michigan,26,"Montcalm County, MI",26117,10,62945,2015
392,Michigan,26,"Muskegon County, MI",26121,34,172790,2015
393,Michigan,26,"Oakland County, MI",26125,175,1242304,2015
394,Michigan,26,"Ottawa County, MI",26139,30,279955,2015
395,Michigan,26,"Saginaw County, MI",26145,24,193307,2015
396,Michigan,26,"St. Clair County, MI",26147,26,159875,2015
397,Michigan,26,"Shiawassee County, MI",26155,10,68619,2015
398,Michigan,26,"Van Buren County, MI",26159,15,75077,2015
399,Michigan,26,"Washtenaw County, MI",26161,36,358880,2015
400,Michigan,26,"Wayne County, MI",26163,201,1759335,2015
401,Minnesota,27,"Anoka County, MN",27003,55,344151,2015
402,Minnesota,27,"Blue Earth County, MN",27013,12,65787,2015
403,Minnesota,27,"Carver County, MN",27019,13,98741,2015
404,Minnesota,27,"Crow Wing County, MN",27035,18,63428,2015
405,Minnesota,27,"Dakota County, MN",27037,55,414686,2015
406,Minnesota,27,"Hennepin County, MN",27053,146,1223149,2015
407,Minnesota,27,"Isanti County, MN",27059,10,38429,2015
408,Minnesota,27,"Itasca County, MN",27061,14,45435,2015
409,Minnesota,27,"Kandiyohi County, MN",27067,12,42542,2015
410,Minnesota,27,"Olmsted County, MN",27109,15,151436,2015
411,Minnesota,27,"Otter Tail County, MN",27111,14,57716,2015
412,Minnesota,27,"Ramsey County, MN",27123,69,538133,2015
413,Minnesota,27,"St. Louis County, MN",27137,42,200431,2015
414,Minnesota,27,"Scott County, MN",27139,17,141660,2015
415,Minnesota,27,"Stearns County, MN",27145,15,154708,2015
416,Minnesota,27,"Washington County, MN",27163,21,251597,2015
417,Minnesota,27,"Wright County, MN",27171,18,131311,2015
418,Mississippi,28,"DeSoto County, MS",28033,23,173323,2015
419,Mississippi,28,"Forrest County, MS",28035,12,75944,2015
420,Mississippi,28,"Harrison County, MS",28047,43,201410,2015
421,Mississippi,28,"Hinds County, MS",28049,16,242891,2015
422,Mississippi,28,"Jackson County, MS",28059,23,141425,2015
423,Mississippi,28,"Lee County, MS",28081,11,85300,2015
424,Mississippi,28,"Madison County, MS",28089,13,103465,2015
425,Mississippi,28,"Neshoba County, MS",28099,11,29463,2015
426,Mississippi,28,"Pearl River County, MS",28109,20,55191,2015
427,Mississippi,28,"Rankin County, MS",28121,24,149039,2015
428,Missouri,29,"Boone County, MO",29019,17,174974,2015
429,Missouri,29,"Buchanan County, MO",29021,23,89100,2015
430,Missouri,29,"Camden County, MO",29029,11,44237,2015
431,Missouri,29,"Cape Girardeau County, MO",29031,12,78572,2015
432,Missouri,29,"Cass County, MO",29037,21,101603,2015
433,Missouri,29,"Christian County, MO",29043,12,83279,2015
434,Missouri,29,"Clay County, MO",29047,57,235637,2015
435,Missouri,29,"Franklin County, MO",29071,26,102426,2015
436,Missouri,29,"Greene County, MO",29077,74,288072,2015
437,Missouri,29,"Howell County, MO",29091,11,40117,2015
438,Missouri,29,"Jackson County, MO",29095,120,687623,2015
439,Missouri,29,"Jasper County, MO",29097,25,118596,2015
440,Missouri,29,"Jefferson County, MO",29099,46,224124,2015
441,Missouri,29,"Lincoln County, MO",29113,14,54696,2015
442,Missouri,29,"Newton County, MO",29145,14,58615,2015
443,Missouri,29,"Pettis County, MO",29159,11,42255,2015
444,Missouri,29,"Platte County, MO",29165,14,96096,2015
445,Missouri,29,"St. Charles County, MO",29183,58,385590,2015
446,Missouri,29,"St. Francois County, MO",29187,13,66520,2015
447,Missouri,29,"St. Louis County, MO",29189,131,1003362,2015
448,Missouri,29,"Scott County, MO",29201,10,39008,2015
449,Missouri,29,"Taney County, MO",29213,13,54592,2015
450,Missouri,29,"Webster County, MO",29225,14,37483,2015
451,Missouri,29,"St. Louis city, MO",29510,37,315685,2015
452,Montana,30,"Cascade County, MT",30013,21,82278,2015
453,Montana,30,"Flathead County, MT",30029,24,96165,2015
454,Montana,30,"Gallatin County, MT",30031,18,100739,2015
455,Montana,30,"Lake County, MT",30047,15,29457,2015
456,Montana,30,"Lewis and Clark County, MT",30049,18,66418,2015
457,Montana,30,"Lincoln County, MT",30053,10,19052,2015
458,Montana,30,"Missoula County, MT",30063,25,114181,2015
459,Montana,30,"Ravalli County, MT",30081,11,41373,2015
460,Montana,30,"Silver Bow County, MT",30093,12,34622,2015
461,Montana,30,"Yellowstone County, MT",30111,39,157048,2015
462,Nebraska,31,"Adams County, NE",31001,10,31587,2015
463,Nebraska,31,"Douglas County, NE",31055,64,550064,2015
464,Nebraska,31,"Lancaster County, NE",31109,38,306468,2015
465,Nebraska,31,"Sarpy County, NE",31153,14,175692,2015
466,Nevada,32,"Clark County, NV",32003,374,2114801,2015
467,Nevada,32,"Elko County, NV",32007,14,51935,2015
468,Nevada,32,"Lyon County, NV",32019,10,52585,2015
469,Nevada,32,"Nye County, NV",32023,13,42477,2015
470,Nevada,32,"Washoe County, NV",32031,97,446903,2015
471,Nevada,32,"Carson City, NV",32510,13,54521,2015
472,New Hampshire,33,"Belknap County, NH",33001,13,60641,2015
473,New Hampshire,33,"Carroll County, NH",33003,14,47285,2015
474,New Hampshire,33,"Cheshire County, NH",33005,12,75909,2015
475,New Hampshire,33,"Grafton County, NH",33009,13,89320,2015
476,New Hampshire,33,"Hillsborough County, NH",33011,69,406678,2015
477,New Hampshire,33,"Merrimack County, NH",33013,26,147994,2015
478,New Hampshire,33,"Rockingham County, NH",33015,53,301777,2015
479,New Hampshire,33,"Strafford County, NH",33017,17,126825,2015
480,New Jersey,34,"Atlantic County, NJ",34001,36,274219,2015
481,New Jersey,34,"Bergen County, NJ",34003,66,938506,2015
482,New Jersey,34,"Burlington County, NJ",34005,48,450226,2015
483,New Jersey,34,"Camden County, NJ",34007,56,510923,2015
484,New Jersey,34,"Cape May County, NJ",34009,16,94727,2015
485,New Jersey,34,"Cumberland County, NJ",34011,18,155854,2015
486,New Jersey,34,"Essex County, NJ",34013,42,797434,2015
487,New Jersey,34,"Gloucester County, NJ",34015,34,291479,2015
488,New Jersey,34,"Hudson County, NJ",34017,44,674836,2015
489,New Jersey,34,"Hunterdon County, NJ",34019,16,125488,2015
490,New Jersey,34,"Mercer County, NJ",34021,30,371398,2015
491,New Jersey,34,"Middlesex County, NJ",34023,70,840900,2015
492,New Jersey,34,"Monmouth County, NJ",34025,71,628715,2015
493,New Jersey,34,"Morris County, NJ",34027,47,499509,2015
494,New Jersey,34,"Ocean County, NJ",34029,67,588721,2015
495,New Jersey,34,"Passaic County, NJ",34031,26,510916,2015
496,New Jersey,34,"Somerset County, NJ",34035,18,333654,2015
497,New Jersey,34,"Sussex County, NJ",34037,29,143673,2015
498,New Jersey,34,"Union County, NJ",34039,40,555786,2015
499,New Mexico,35,"Bernalillo County, NM",35001,155,676685,2015
500,New Mexico,35,"Chaves County, NM",35005,17,65764,2015
501,New Mexico,35,"Curry County, NM",35009,14,50398,2015
502,New Mexico,35,"Dona Ana County, NM",35013,40,214295,2015
503,New Mexico,35,"Eddy County, NM",35015,16,57578,2015
504,New Mexico,35,"Lea County, NM",35025,16,71180,2015
505,New Mexico,35,"McKinley County, NM",35031,16,76708,2015
506,New Mexico,35,"Otero County, NM",35035,11,64362,2015
507,New Mexico,35,"Rio Arriba County, NM",35039,18,39465,2015
508,New Mexico,35,"Sandoval County, NM",35043,26,139394,2015
509,New Mexico,35,"San Juan County, NM",35045,40,118737,2015
510,New Mexico,35,"Santa Fe County, NM",35049,29,148686,2015
511,New Mexico,35,"Taos County, NM",35055,10,32907,2015
512,New Mexico,35,"Valencia County, NM",35061,16,75737,2015
513,New York,36,"Albany County, NY",36001,32,309381,2015
514,New York,36,"Bronx County, NY",36005,87,1455444,2015
515,New York,36,"Broome County, NY",36007,18,196567,2015
516,New York,36,"Cattaraugus County, NY",36009,11,77922,2015
517,New York,36,"Chautauqua County, NY",36013,17,130779,2015
518,New York,36,"Clinton County, NY",36019,14,81251,2015
519,New York,36,"Dutchess County, NY",36027,34,295754,2015
520,New York,36,"Erie County, NY",36029,100,922578,2015
521,New York,36,"Fulton County, NY",36035,11,53992,2015
522,New York,36,"Greene County, NY",36039,13,47625,2015
523,New York,36,"Kings County, NY",36047,137,2636735,2015
524,New York,36,"Madison County, NY",36053,14,71849,2015
525,New York,36,"Monroe County, NY",36055,80,749600,2015
526,New York,36,"Nassau County, NY",36059,94,1361350,2015
527,New York,36,"New York County, NY",36061,130,1644518,2015
528,New York,36,"Niagara County, NY",36063,33,212652,2015
529,New York,36,"Oneida County, NY",36065,22,232500,2015
530,New York,36,"Onondaga County, NY",36067,50,468463,2015
531,New York,36,"Ontario County, NY",36069,14,109561,2015
532,New York,36,"Orange County, NY",36071,29,377647,2015
533,New York,36,"Oswego County, NY",36075,22,120146,2015
534,New York,36,"Otsego County, NY",36077,10,60636,2015
535,New York,36,"Queens County, NY",36081,136,2339150,2015
536,New York,36,"Rensselaer County, NY",36083,19,160266,2015
537,New York,36,"Richmond County, NY",36085,33,474558,2015
538,New York,36,"Rockland County, NY",36087,18,326037,2015
539,New York,36,"St. Lawrence County, NY",36089,11,111007,2015
540,New York,36,"Saratoga County, NY",36091,35,226249,2015
541,New York,36,"Schenectady County, NY",36093,15,154604,2015
542,New York,36,"Suffolk County, NY",36103,141,1501587,2015
543,New York,36,"Ulster County, NY",36111,31,180143,2015
544,New York,36,"Warren County, NY",36113,11,64688,2015
545,New York,36,"Wayne County, NY",36117,11,91446,2015
546,New York,36,"Westchester County, NY",36119,61,976396,2015
547,North Carolina,37,"Alamance County, NC",37001,15,158276,2015
548,North Carolina,37,"Beaufort County, NC",37013,11,47651,2015
549,North Carolina,37,"Brunswick County, NC",37019,17,122765,2015
550,North Carolina,37,"Buncombe County, NC",37021,36,253178,2015
551,North Carolina,37,"Burke County, NC",37023,16,88842,2015
552,North Carolina,37,"Cabarrus County, NC",37025,28,196762,2015
553,North Carolina,37,"Caldwell County, NC",37027,18,81287,2015
554,North Carolina,37,"Carteret County, NC",37031,17,68879,2015
555,North Carolina,37,"Catawba County, NC",37035,33,155056,2015
556,North Carolina,37,"Cleveland County, NC",37045,18,96879,2015
557,North Carolina,37,"Craven County, NC",37049,17,103451,2015
558,North Carolina,37,"Cumberland County, NC",37051,52,323838,2015
559,North Carolina,37,"Davidson County, NC",37057,31,164622,2015
560,North Carolina,37,"Durham County, NC",37063,24,300952,2015
561,North Carolina,37,"Forsyth County, NC",37067,44,369019,2015
562,North Carolina,37,"Franklin County, NC",37069,10,63710,2015
563,North Carolina,37,"Gaston County, NC",37071,41,213442,2015
564,North Carolina,37,"Guilford County, NC",37081,71,517600,2015
565,North Carolina,37,"Harnett County, NC",37085,23,128140,2015
566,North Carolina,37,"Henderson County, NC",37089,33,112655,2015
567,North Carolina,37,"Iredell County, NC",37097,23,169866,2015
568,North Carolina,37,"Johnston County, NC",37101,22,185660,2015
569,North Carolina,37,"Lee County, NC",37105,12,59660,2015
570,North Carolina,37,"McDowell County, NC",37111,10,44989,2015
571,North Carolina,37,"Macon County, NC",37113,10,34201,2015
572,North Carolina,37,"Mecklenburg County, NC",37119,108,1034070,2015
573,North Carolina,37,"Moore County, NC",37125,12,94352,2015
574,North Carolina,37,"Nash County, NC",37127,11,93919,2015
575,North Carolina,37,"New Hanover County, NC",37129,29,220358,2015
576,North Carolina,37,"Onslow County, NC",37133,35,186311,2015
577,North Carolina,37,"Orange County, NC",37135,11,141354,2015
578,North Carolina,37,"Pender County, NC",37141,10,57611,2015
579,North Carolina,37,"Pitt County, NC",37147,20,175842,2015
580,North Carolina,37,"Randolph County, NC",37151,28,142799,2015
581,North Carolina,37,"Robeson County, NC",37155,21,134197,2015
582,North Carolina,37,"Rockingham County, NC",37157,17,91758,2015
583,North Carolina,37,"Rowan County, NC",37159,27,139142,2015
584,North Carolina,37,"Rutherford County, NC",37161,18,66390,2015
585,North Carolina,37,"Stanly County, NC",37167,13,60714,2015
586,North Carolina,37,"Stokes County, NC",37169,15,46351,2015
587,North Carolina,37,"Surry County, NC",37171,18,72743,2015
588,North Carolina,37,"Union County, NC",37179,20,222742,2015
589,North Carolina,37,"Vance County, NC",37181,11,44568,2015
590,North Carolina,37,"Wake County, NC",37183,92,1024198,2015
591,North Carolina,37,"Wayne County, NC",37191,16,124132,2015
592,North Carolina,37,"Wilkes County, NC",37193,14,68502,2015
593,North Carolina,37,"Wilson County, NC",37195,12,81714,2015
594,North Dakota,38,"Burleigh County, ND",38015,16,92991,2015
595,North Dakota,38,"Cass County, ND",38017,20,171512,2015
596,North Dakota,38,"Grand Forks County, ND",38035,10,70916,2015
597,North Dakota,38,"Ward County, ND",38101,11,71275,2015
598,Ohio,39,"Allen County, OH",39003,18,104425,2015
599,Ohio,39,"Ashtabula County, OH",39007,19,98632,2015
600,Ohio,39,"Butler County, OH",39017,46,376353,2015
601,Ohio,39,"Champaign County, OH",39021,10,38987,2015
602,Ohio,39,"Clark County, OH",39023,22,135959,2015
603,Ohio,39,"Clermont County, OH",39025,18,201973,2015
604,Ohio,39,"Columbiana County, OH",39029,20,104806,2015
605,Ohio,39,"Cuyahoga County, OH",39035,153,1255921,2015
606,Ohio,39,"Darke County, OH",39037,13,52076,2015
607,Ohio,39,"Delaware County, OH",39041,15,193013,2015
608,Ohio,39,"Fairfield County, OH",39045,14,151408,2015
609,Ohio,39,"Franklin County, OH",39049,159,1251722,2015
610,Ohio,39,"Geauga County, OH",39055,12,94102,2015
611,Ohio,39,"Greene County, OH",39057,31,164427,2015
612,Ohio,39,"Guernsey County, OH",39059,10,39258,2015
613,Ohio,39,"Hamilton County, OH",39061,95,807598,2015
614,Ohio,39,"Lake County, OH",39085,31,229245,2015
615,Ohio,39,"Lawrence County, OH",39087,15,61109,2015
616,Ohio,39,"Licking County, OH",39089,33,170570,2015
617,Ohio,39,"Logan County, OH",39091,11,45386,2015
618,Ohio,39,"Lorain County, OH",39093,47,305147,2015
619,Ohio,39,"Lucas County, OH",39095,56,433689,2015
620,Ohio,39,"Madison County, OH",39097,10,44094,2015
621,Ohio,39,"Mahoning County, OH",39099,36,231900,2015
622,Ohio,39,"Marion County, OH",39101,14,65355,2015
623,Ohio,39,"Medina County, OH",39103,28,176395,2015
624,Ohio,39,"Miami County, OH",39109,19,104224,2015
625,Ohio,39,"Montgomery County, OH",39113,80,532258,2015
626,Ohio,39,"Muskingum County, OH",39119,16,86290,2015
627,Ohio,39,"Portage County, OH",39133,23,162275,2015
628,Ohio,39,"Richland County, OH",39139,28,121707,2015
629,Ohio,39,"Ross County, OH",39141,12,77170,2015
630,Ohio,39,"Seneca County, OH",39147,11,55610,2015
631,Ohio,39,"Stark County, OH",39151,66,375165,2015
632,Ohio,39,"Summit County, OH",39153,108,541968,2015
633,Ohio,39,"Trumbull County, OH",39155,38,203751,2015
634,Ohio,39,"Tuscarawas County, OH",39157,15,92916,2015
635,Ohio,39,"Warren County, OH",39165,22,224469,2015
636,Ohio,39,"Wayne County, OH",39169,12,116063,2015
637,Ohio,39,"Wood County, OH",39173,17,129730,2015
638,Oklahoma,40,"Bryan County, OK",40013,11,44884,2015
639,Oklahoma,40,"Canadian County, OK",40017,30,133378,2015
640,Oklahoma,40,"Carter County, OK",40019,12,48689,2015
641,Oklahoma,40,"Cherokee County, OK",40021,11,48447,2015
642,Oklahoma,40,"Cleveland County, OK",40027,46,274458,2015
643,Oklahoma,40,"Comanche County, OK",40031,15,124648,2015
644,Oklahoma,40,"Creek County, OK",40037,24,70892,2015
645,Oklahoma,40,"Delaware County, OK",40041,15,41459,2015
646,Oklahoma,40,"Garfield County, OK",40047,11,63569,2015
647,Oklahoma,40,"Grady County, OK",40051,16,54648,2015
648,Oklahoma,40,"Le Flore County, OK",40079,15,49605,2015
649,Oklahoma,40,"Lincoln County, OK",40081,10,35042,2015
650,Oklahoma,40,"Logan County, OK",40083,13,45996,2015
651,Oklahoma,40,"Mayes County, OK",40097,12,40887,2015
652,Oklahoma,40,"Muskogee County, OK",40101,17,69699,2015
653,Oklahoma,40,"Oklahoma County, OK",40109,134,776864,2015
654,Oklahoma,40,"Okmulgee County, OK",40111,10,39187,2015
655,Oklahoma,40,"Osage County, OK",40113,11,47887,2015
656,Oklahoma,40,"Pittsburg County, OK",40121,12,44610,2015
657,Oklahoma,40,"Pottawatomie County, OK",40125,17,71875,2015
658,Oklahoma,40,"Rogers County, OK",40131,15,90802,2015
659,Oklahoma,40,"Sequoyah County, OK",40135,10,41153,2015
660,Oklahoma,40,"Stephens County, OK",40137,12,44581,2015
661,Oklahoma,40,"Tulsa County, OK",40143,125,639242,2015
662,Oklahoma,40,"Wagoner County, OK",40145,14,76559,2015
663,Oregon,41,"Benton County, OR",41003,10,87572,2015
664,Oregon,41,"Clackamas County, OR",41005,77,401515,2015
665,Oregon,41,"Clatsop County, OR",41007,10,37831,2015
666,Oregon,41,"Columbia County, OR",41009,11,49600,2015
667,Oregon,41,"Coos County, OR",41011,18,63121,2015
668,Oregon,41,"Curry County, OR",41015,14,22483,2015
669,Oregon,41,"Deschutes County, OR",41017,34,175268,2015
670,Oregon,41,"Douglas County, OR",41019,33,107685,2015
671,Oregon,41,"Jackson County, OR",41029,55,212567,2015
672,Oregon,41,"Josephine County, OR",41033,25,84745,2015
673,Oregon,41,"Klamath County, OR",41035,15,66016,2015
674,Oregon,41,"Lane County, OR",41039,74,362895,2015
675,Oregon,41,"Lincoln County, OR",41041,11,47038,2015
676,Oregon,41,"Linn County, OR",41043,22,120547,2015
677,Oregon,41,"Marion County, OR",41047,54,330700,2015
678,Oregon,41,"Multnomah County, OR",41051,126,790294,2015
679,Oregon,41,"Umatilla County, OR",41059,12,76531,2015
680,Oregon,41,"Washington County, OR",41067,74,574326,2015
681,Oregon,41,"Yamhill County, OR",41071,21,102659,2015
682,Pennsylvania,42,"Adams County, PA",42001,11,102295,2015
683,Pennsylvania,42,"Allegheny County, PA",42003,178,1230459,2015
684,Pennsylvania,42,"Beaver County, PA",42007,22,168871,2015
685,Pennsylvania,42,"Berks County, PA",42011,50,415271,2015
686,Pennsylvania,42,"Blair County, PA",42013,22,125593,2015
687,Pennsylvania,42,"Bradford County, PA",42015,11,61281,2015
688,Pennsylvania,42,"Bucks County, PA",42017,82,627367,2015
689,Pennsylvania,42,"Butler County, PA",42019,28,186818,2015
690,Pennsylvania,42,"Cambria County, PA",42021,25,136411,2015
691,Pennsylvania,42,"Carbon County, PA",42025,18,63960,2015
692,Pennsylvania,42,"Centre County, PA",42027,18,160580,2015
693,Pennsylvania,42,"Chester County, PA",42029,69,515939,2015
694,Pennsylvania,42,"Clearfield County, PA",42033,18,80994,2015
695,Pennsylvania,42,"Columbia County, PA",42037,11,66672,2015
696,Pennsylvania,42,"Crawford County, PA",42039,17,86484,2015
697,Pennsylvania,42,"Cumberland County, PA",42041,32,246338,2015
698,Pennsylvania,42,"Dauphin County, PA",42043,36,272983,2015
699,Pennsylvania,42,"Delaware County, PA",42045,76,563894,2015
700,Pennsylvania,42,"Erie County, PA",42049,54,278045,2015
701,Pennsylvania,42,"Fayette County, PA",42051,25,133628,2015
702,Pennsylvania,42,"Franklin County, PA",42055,18,153638,2015
703,Pennsylvania,42,"Indiana County, PA",42063,11,86966,2015
704,Pennsylvania,42,"Lackawanna County, PA",42069,46,211917,2015
705,Pennsylvania,42,"Lancaster County, PA",42071,61,536624,2015
706,Pennsylvania,42,"Lawrence County, PA",42073,10,88082,2015
707,Pennsylvania,42,"Lebanon County, PA",42075,17,137067,2015
708,Pennsylvania,42,"Lehigh County, PA",42077,65,360685,2015
709,Pennsylvania,42,"Luzerne County, PA",42079,70,318449,2015
710,Pennsylvania,42,"Lycoming County, PA",42081,21,116048,2015
711,Pennsylvania,42,"Mercer County, PA",42085,20,114234,2015
712,Pennsylvania,42,"Monroe County, PA",42089,28,166397,2015
713,Pennsylvania,42,"Montgomery County, PA",42091,96,819264,2015
714,Pennsylvania,42,"Northampton County, PA",42095,66,300813,2015
715,Pennsylvania,42,"Northumberland County, PA",42097,17,93246,2015
716,Pennsylvania,42,"Philadelphia County, PA",42101,163,1567442,2015
717,Pennsylvania,42,"Schuylkill County, PA",42107,37,144590,2015
718,Pennsylvania,42,"Somerset County, PA",42111,14,75522,2015
719,Pennsylvania,42,"Washington County, PA",42125,44,208261,2015
720,Pennsylvania,42,"Wayne County, PA",42127,12,51198,2015
721,Pennsylvania,42,"Westmoreland County, PA",42129,52,357956,2015
722,Pennsylvania,42,"York County, PA",42133,71,442867,2015
723,Rhode Island,44,"Kent County, RI",44003,20,164801,2015
724,Rhode Island,44,"Providence County, RI",44007,76,633473,2015
725,Rhode Island,44,"Washington County, RI",44009,15,126517,2015
726,South Carolina,45,"Aiken County, SC",45003,30,165829,2015
727,South Carolina,45,"Anderson County, SC",45007,46,194692,2015
728,South Carolina,45,"Beaufort County, SC",45013,22,179589,2015
729,South Carolina,45,"Berkeley County, SC",45015,35,202786,2015
730,South Carolina,45,"Charleston County, SC",45019,54,389262,2015
731,South Carolina,45,"Darlington County, SC",45031,11,67548,2015
732,South Carolina,45,"Dorchester County, SC",45035,24,152478,2015
733,South Carolina,45,"Florence County, SC",45041,15,138900,2015
734,South Carolina,45,"Georgetown County, SC",45043,11,61298,2015
735,South Carolina,45,"Greenville County, SC",45045,66,491863,2015
736,South Carolina,45,"Greenwood County, SC",45047,11,69838,2015
737,South Carolina,45,"Horry County, SC",45051,43,309199,2015
738,South Carolina,45,"Lexington County, SC",45063,47,281833,2015
739,South Carolina,45,"Oconee County, SC",45073,15,75713,2015
740,South Carolina,45,"Orangeburg County, SC",45075,13,89208,2015
741,South Carolina,45,"Pickens County, SC",45077,27,121691,2015
742,South Carolina,45,"Richland County, SC",45079,56,407051,2015
743,South Carolina,45,"Spartanburg County, SC",45083,63,297302,2015
744,South Carolina,45,"Sumter County, SC",45085,10,107480,2015
745,South Carolina,45,"York County, SC",45091,48,251195,2015
746,South Dakota,46,"Minnehaha County, SD",46099,34,185197,2015
747,South Dakota,46,"Pennington County, SD",46103,25,108702,2015
748,South Dakota,46,"Shannon County, SD",46113,13,14373,2015
749,Tennessee,47,"Anderson County, TN",47001,16,75749,2015
750,Tennessee,47,"Blount County, TN",47009,14,127253,2015
751,Tennessee,47,"Bradley County, TN",47011,15,104091,2015
752,Tennessee,47,"Carroll County, TN",47017,11,27910,2015
753,Tennessee,47,"Cheatham County, TN",47021,15,39741,2015
754,Tennessee,47,"Cocke County, TN",47029,13,35162,2015
755,Tennessee,47,"Coffee County, TN",47031,15,54277,2015
756,Tennessee,47,"Cumberland County, TN",47035,13,58229,2015
757,Tennessee,47,"Davidson County, TN",47037,92,678889,2015
758,Tennessee,47,"Dickson County, TN",47043,10,51487,2015
759,Tennessee,47,"Hamblen County, TN",47063,19,63402,2015
760,Tennessee,47,"Hamilton County, TN",47065,51,354098,2015
761,Tennessee,47,"Hawkins County, TN",47073,10,56471,2015
762,Tennessee,47,"Henry County, TN",47079,11,32147,2015
763,Tennessee,47,"Knox County, TN",47093,67,451324,2015
764,Tennessee,47,"Lincoln County, TN",47103,11,33743,2015
765,Tennessee,47,"Loudon County, TN",47105,11,51130,2015
766,Tennessee,47,"Madison County, TN",47113,15,97610,2015
767,Tennessee,47,"Maury County, TN",47119,12,87757,2015
768,Tennessee,47,"Monroe County, TN",47123,11,45771,2015
769,Tennessee,47,"Montgomery County, TN",47125,40,193479,2015
770,Tennessee,47,"Putnam County, TN",47141,17,74553,2015
771,Tennessee,47,"Roane County, TN",47145,15,52753,2015
772,Tennessee,47,"Robertson County, TN",47147,15,68570,2015
773,Tennessee,47,"Rutherford County, TN",47149,35,298612,2015
774,Tennessee,47,"Sevier County, TN",47155,18,95946,2015
775,Tennessee,47,"Shelby County, TN",47157,89,938069,2015
776,Tennessee,47,"Sullivan County, TN",47163,28,156791,2015
777,Tennessee,47,"Sumner County, TN",47165,22,175989,2015
778,Tennessee,47,"Tipton County, TN",47167,15,61870,2015
779,Tennessee,47,"Washington County, TN",47179,16,126302,2015
780,Tennessee,47,"Williamson County, TN",47187,30,211672,2015
781,Tennessee,47,"Wilson County, TN",47189,31,128911,2015
782,Texas,48,"Anderson County, TX",48001,15,57580,2015
783,Texas,48,"Angelina County, TX",48005,17,88255,2015
784,Texas,48,"Bastrop County, TX",48021,12,80527,2015
785,Texas,48,"Bell County, TX",48027,49,334941,2015
786,Texas,48,"Bexar County, TX",48029,209,1897753,2015
787,Texas,48,"Bowie County, TX",48037,21,93389,2015
788,Texas,48,"Brazoria County, TX",48039,45,346312,2015
789,Texas,48,"Brazos County, TX",48041,23,215037,2015
790,Texas,48,"Cameron County, TX",48061,21,422156,2015
791,Texas,48,"Cherokee County, TX",48073,11,51542,2015
792,Texas,48,"Collin County, TX",48085,91,914127,2015
793,Texas,48,"Comal County, TX",48091,19,129048,2015
794,Texas,48,"Coryell County, TX",48099,15,75503,2015
795,Texas,48,"Dallas County, TX",48113,264,2553385,2015
796,Texas,48,"Denton County, TX",48121,79,780612,2015
797,Texas,48,"Ector County, TX",48135,26,159436,2015
798,Texas,48,"Ellis County, TX",48139,19,163632,2015
799,Texas,48,"El Paso County, TX",48141,69,835593,2015
800,Texas,48,"Fannin County, TX",48147,10,33693,2015
801,Texas,48,"Fort Bend County, TX",48157,75,716087,2015
802,Texas,48,"Galveston County, TX",48167,64,322225,2015
803,Texas,48,"Grayson County, TX",48181,31,125467,2015
804,Texas,48,"Gregg County, TX",48183,23,124108,2015
805,Texas,48,"Guadalupe County, TX",48187,15,151249,2015
806,Texas,48,"Hardin County, TX",48199,11,55865,2015
807,Texas,48,"Harris County, TX",48201,468,4538028,2015
808,Texas,48,"Harrison County, TX",48203,12,66746,2015
809,Texas,48,"Hays County, TX",48209,20,194739,2015
810,Texas,48,"Henderson County, TX",48213,23,79545,2015
811,Texas,48,"Hidalgo County, TX",48215,47,842304,2015
812,Texas,48,"Hill County, TX",48217,10,34855,2015
813,Texas,48,"Hood County, TX",48221,10,55423,2015
814,Texas,48,"Hunt County, TX",48231,18,89844,2015
815,Texas,48,"Jefferson County, TX",48245,36,254308,2015
816,Texas,48,"Johnson County, TX",48251,18,159990,2015
817,Texas,48,"Kaufman County, TX",48257,18,114690,2015
818,Texas,48,"Kendall County, TX",48259,11,40384,2015
819,Texas,48,"Kerr County, TX",48265,15,50955,2015
820,Texas,48,"Liberty County, TX",48291,15,79654,2015
821,Texas,48,"Lubbock County, TX",48303,43,299453,2015
822,Texas,48,"McLennan County, TX",48309,29,245671,2015
823,Texas,48,"Midland County, TX",48329,23,161077,2015
824,Texas,48,"Montgomery County, TX",48339,90,537559,2015
825,Texas,48,"Navarro County, TX",48349,16,48323,2015
826,Texas,48,"Nueces County, TX",48355,53,359715,2015
827,Texas,48,"Orange County, TX",48361,10,84260,2015
828,Texas,48,"Parker County, TX",48367,27,126042,2015
829,Texas,48,"Polk County, TX",48373,12,46972,2015
830,Texas,48,"Potter County, TX",48375,21,121802,2015
831,Texas,48,"Randall County, TX",48381,32,130269,2015
832,Texas,48,"Rockwall County, TX",48397,13,90861,2015
833,Texas,48,"San Patricio County, TX",48409,17,67357,2015
834,Texas,48,"Smith County, TX",48423,39,222936,2015
835,Texas,48,"Tarrant County, TX",48439,227,1982498,2015
836,Texas,48,"Taylor County, TX",48441,18,136051,2015
837,Texas,48,"Tom Green County, TX",48451,13,118105,2015
838,Texas,48,"Travis County, TX",48453,159,1176558,2015
839,Texas,48,"Victoria County, TX",48469,12,92382,2015
840,Texas,48,"Walker County, TX",48471,19,70699,2015
841,Texas,48,"Webb County, TX",48479,16,269721,2015
842,Texas,48,"Wichita County, TX",48485,17,131705,2015
843,Texas,48,"Williamson County, TX",48491,69,508514,2015
844,Utah,49,"Box Elder County, UT",49003,13,52097,2015
845,Utah,49,"Cache County, UT",49005,14,120783,2015
846,Utah,49,"Davis County, UT",49011,45,336043,2015
847,Utah,49,"Salt Lake County, UT",49035,262,1107314,2015
848,Utah,49,"Tooele County, UT",49045,13,62952,2015
849,Utah,49,"Uintah County, UT",49047,12,37928,2015
850,Utah,49,"Utah County, UT",49049,97,575205,2015
851,Utah,49,"Washington County, UT",49053,33,155602,2015
852,Utah,49,"Weber County, UT",49057,67,243645,2015
853,Vermont,50,"Chittenden County, VT",50007,26,161382,2015
854,Vermont,50,"Rutland County, VT",50021,10,59736,2015
855,Vermont,50,"Windham County, VT",50025,10,43386,2015
856,Vermont,50,"Windsor County, VT",50027,12,55737,2015
857,Virginia,51,"Accomack County, VA",51001,10,32973,2015
858,Virginia,51,"Albemarle County, VA",51003,12,105703,2015
859,Virginia,51,"Arlington County, VA",51013,14,229164,2015
860,Virginia,51,"Augusta County, VA",51015,16,74314,2015
861,Virginia,51,"Bedford County, VA",51019,20,77724,2015
862,Virginia,51,"Campbell County, VA",51031,15,55086,2015
863,Virginia,51,"Chesterfield County, VA",51041,37,335687,2015
864,Virginia,51,"Dinwiddie County, VA",51053,11,27852,2015
865,Virginia,51,"Fairfax County, VA",51059,88,1142234,2015
866,Virginia,51,"Franklin County, VA",51067,10,56264,2015
867,Virginia,51,"Frederick County, VA",51069,20,83199,2015
868,Virginia,51,"Gloucester County, VA",51073,14,37143,2015
869,Virginia,51,"Hanover County, VA",51085,12,103227,2015
870,Virginia,51,"Henrico County, VA",51087,41,325155,2015
871,Virginia,51,"James City County, VA",51095,10,73147,2015
872,Virginia,51,"Loudoun County, VA",51107,42,375629,2015
873,Virginia,51,"Montgomery County, VA",51121,11,97653,2015
874,Virginia,51,"Orange County, VA",51137,11,35385,2015
875,Virginia,51,"Pittsylvania County, VA",51143,12,62194,2015
876,Virginia,51,"Prince William County, VA",51153,37,451721,2015
877,Virginia,51,"Roanoke County, VA",51161,18,94409,2015
878,Virginia,51,"Rockingham County, VA",51165,16,78593,2015
879,Virginia,51,"Spotsylvania County, VA",51177,16,130475,2015
880,Virginia,51,"Stafford County, VA",51179,21,142003,2015
881,Virginia,51,"Tazewell County, VA",51185,12,42899,2015
882,Virginia,51,"Washington County, VA",51191,12,54591,2015
883,Virginia,51,"Alexandria city, VA",51510,11,153511,2015
884,Virginia,51,"Bedford city, VA",51515,Missing,Missing,2015
885,Virginia,51,"Chesapeake city, VA",51550,39,235429,2015
886,Virginia,51,"Clifton Forge city, VA",51560,Missing,Missing,2015
887,Virginia,51,"Hampton city, VA",51650,14,136454,2015
888,Virginia,51,"Newport News city, VA",51700,20,182385,2015
889,Virginia,51,"Norfolk city, VA",51710,27,246393,2015
890,Virginia,51,"Portsmouth city, VA",51740,15,96201,2015
891,Virginia,51,"Richmond city, VA",51760,17,220289,2015
892,Virginia,51,"Roanoke city, VA",51770,12,99897,2015
893,Virginia,51,"Suffolk city, VA",51800,11,88161,2015
894,Virginia,51,"Virginia Beach city, VA",51810,50,452745,2015
895,Washington,53,"Benton County, WA",53005,41,190309,2015
896,Washington,53,"Chelan County, WA",53007,15,75644,2015
897,Washington,53,"Clallam County, WA",53009,23,73486,2015
898,Washington,53,"Clark County, WA",53011,77,459495,2015
899,Washington,53,"Cowlitz County, WA",53015,23,103468,2015
900,Washington,53,"Franklin County, WA",53021,10,88807,2015
901,Washington,53,"Grays Harbor County, WA",53027,15,71122,2015
902,Washington,53,"Island County, WA",53029,16,80593,2015
903,Washington,53,"King County, WA",53033,252,2117125,2015
904,Washington,53,"Kitsap County, WA",53035,55,260131,2015
905,Washington,53,"Lewis County, WA",53041,14,75882,2015
906,Washington,53,"Mason County, WA",53045,13,61023,2015
907,Washington,53,"Pierce County, WA",53053,143,843954,2015
908,Washington,53,"Skagit County, WA",53057,17,121846,2015
909,Washington,53,"Snohomish County, WA",53061,115,772501,2015
910,Washington,53,"Spokane County, WA",53063,100,490945,2015
911,Washington,53,"Stevens County, WA",53065,12,43791,2015
912,Washington,53,"Thurston County, WA",53067,48,269536,2015
913,Washington,53,"Whatcom County, WA",53073,33,212284,2015
914,Washington,53,"Yakima County, WA",53077,38,248830,2015
915,West Virginia,54,"Berkeley County, WV",54003,18,111901,2015
916,West Virginia,54,"Cabell County, WV",54011,21,96844,2015
917,West Virginia,54,"Fayette County, WV",54019,10,44997,2015
918,West Virginia,54,"Harrison County, WV",54033,14,68714,2015
919,West Virginia,54,"Kanawha County, WV",54039,47,188332,2015
920,West Virginia,54,"Logan County, WV",54045,10,34707,2015
921,West Virginia,54,"Mercer County, WV",54055,15,61164,2015
922,West Virginia,54,"Monongalia County, WV",54061,12,104236,2015
923,West Virginia,54,"Raleigh County, WV",54081,24,77510,2015
924,West Virginia,54,"Wood County, WV",54107,11,86452,2015
925,Wisconsin,55,"Adams County, WI",55001,10,20148,2015
926,Wisconsin,55,"Brown County, WI",55009,42,258718,2015
927,Wisconsin,55,"Chippewa County, WI",55017,15,63531,2015
928,Wisconsin,55,"Columbia County, WI",55021,15,56743,2015
929,Wisconsin,55,"Dane County, WI",55025,69,523643,2015
930,Wisconsin,55,"Dodge County, WI",55027,17,88502,2015
931,Wisconsin,55,"Eau Claire County, WI",55035,21,102105,2015
932,Wisconsin,55,"Fond du Lac County, WI",55039,16,101973,2015
933,Wisconsin,55,"Jefferson County, WI",55055,13,84559,2015
934,Wisconsin,55,"Kenosha County, WI",55059,31,168437,2015
935,Wisconsin,55,"La Crosse County, WI",55063,25,118212,2015
936,Wisconsin,55,"Manitowoc County, WI",55071,24,79806,2015
937,Wisconsin,55,"Marathon County, WI",55073,16,135868,2015
938,Wisconsin,55,"Milwaukee County, WI",55079,96,957735,2015
939,Wisconsin,55,"Monroe County, WI",55081,10,45549,2015
940,Wisconsin,55,"Outagamie County, WI",55087,29,183245,2015
941,Wisconsin,55,"Polk County, WI",55095,15,43441,2015
942,Wisconsin,55,"Portage County, WI",55097,12,70408,2015
943,Wisconsin,55,"Racine County, WI",55101,38,195080,2015
944,Wisconsin,55,"Rock County, WI",55105,30,161448,2015
945,Wisconsin,55,"St. Croix County, WI",55109,10,87513,2015
946,Wisconsin,55,"Sauk County, WI",55111,12,63642,2015
947,Wisconsin,55,"Sheboygan County, WI",55117,15,115569,2015
948,Wisconsin,55,"Walworth County, WI",55127,16,102804,2015
949,Wisconsin,55,"Washington County, WI",55131,14,133674,2015
950,Wisconsin,55,"Waukesha County, WI",55133,58,396488,2015
951,Wisconsin,55,"Winnebago County, WI",55139,20,169546,2015
952,Wisconsin,55,"Wood County, WI",55141,15,73435,2015
953,Wyoming,56,"Fremont County, WY",56013,11,40315,2015
954,Wyoming,56,"Laramie County, WY",56021,27,97121,2015
955,Wyoming,56,"Natrona County, WY",56025,28,82178,2015
956,Wyoming,56,"Park County, WY",56029,10,29228,2015
957,Wyoming,56,"Sheridan County, WY",56033,12,30009,2015
958,Wyoming,56,"Sweetwater County, WY",56037,11,44626,2015
